"Name","Self Time","Self Time (CPU)","Total Time","Total Time (CPU)","Invocations"
"com.symatiq.Scout$2.getPreferredSize ()","989 ms (0.4%)","406 ms (33.3%)","989 ms (0.3%)","406 ms (30.5%)","104"
"com.symatiq.widgets.Widget.compareTo (Object)","1,100 ms (0.5%)","172 ms (14.1%)","1,484 ms (0.4%)","143 ms (10.8%)","18,599,369"
"com.symatiq.states.StateController.getRecommendedWidget ()","373 ms (0.2%)","112 ms (9.2%)","373 ms (0.1%)","112 ms (8.5%)","18,599,369"
"com.symatiq.utils.QuickSort.quicksort (com.symatiq.widgets.Widget[], int, int)","78.9 ms (0%)","84.8 ms (6.9%)","2,249 ms (0.6%)","0.0 ms (0%)","1,149,980"
"com.symatiq.utils.QuickSort.partition (com.symatiq.widgets.Widget[], int, int)","664 ms (0.3%)","84.1 ms (6.9%)","2,169 ms (0.6%)","106 ms (8%)","571,480"
"plugin.SeleniumPlugin.getSeleniumCapture ()","194 ms (0.1%)","31.2 ms (2.6%)","2,970 ms (0.8%)","0.0 ms (0%)","53"
"org.openqa.selenium.remote.http.jdk.JdkHttpClient.execute0 (org.openqa.selenium.remote.http.HttpRequest)","5,289 ms (2.3%)","31.1 ms (2.6%)","5,328 ms (1.4%)","44.5 ms (3.3%)","681"
"plugin.utils.Drawing.drawOval (java.awt.Graphics2D, int, int, int, int, java.awt.Color, int, boolean, java.awt.BasicStroke, java.awt.Font)","184 ms (0.1%)","30.8 ms (2.5%)","184 ms (0%)","30.8 ms (2.3%)","3,511"
"com.symatiq.utils.QuickSort.exchange (Object[], int, int)","19.0 ms (0%)","29.6 ms (2.4%)","19.0 ms (0%)","29.6 ms (2.2%)","830,668"
"org.openqa.selenium.remote.http.jdk.JdkHttpMessages.getRawUri (org.openqa.selenium.remote.http.HttpRequest)","4.45 ms (0%)","15.6 ms (1.3%)","4.45 ms (0%)","15.6 ms (1.2%)","681"
"com.symatiq.Scout.updateTitle ()","26.6 ms (0%)","15.6 ms (1.3%)","26.7 ms (0%)","15.5 ms (1.2%)","60"
"com.symatiq.widgets.Widget.getArea ()","10.2 ms (0%)","15.5 ms (1.3%)","10.2 ms (0%)","15.5 ms (1.2%)","491,876"
"org.openqa.selenium.json.JsonInput.readString ()","667 ms (0.3%)","15.4 ms (1.3%)","1,940 ms (0.5%)","24.0 ms (1.8%)","1,647"
"plugin.StateGraph.drawLine (java.awt.Graphics2D, int, int, int, int, java.awt.Color, java.awt.BasicStroke, java.awt.BasicStroke)","10.0 ms (0%)","15.4 ms (1.3%)","10.0 ms (0%)","15.4 ms (1.2%)","12,272"
"com.symatiq.states.AppState.getLeafCount (java.util.IdentityHashMap)","10.4 ms (0%)","15.3 ms (1.3%)","46.1 ms (0%)","8.49 ms (0.6%)","63,649"
"com.symatiq.states.StateController.isOngoingSession ()","0.958 ms (0%)","15.2 ms (1.2%)","1.22 ms (0%)","15.0 ms (1.1%)","7,330"
"plugin.AugmentState.drawRectangle (java.awt.Graphics2D, int, int, int, int, java.awt.Color, boolean, java.awt.BasicStroke, java.awt.BasicStroke)","137 ms (0.1%)","15.2 ms (1.2%)","139 ms (0%)","12.1 ms (0.9%)","816"
"com.symatiq.actions.Action.putMetadata (String, Object)","8.11 ms (0%)","14.7 ms (1.2%)","8.11 ms (0%)","14.7 ms (1.1%)","226,200"
"com.symatiq.states.StateController.getWidgetsAt (com.symatiq.states.AppState, int, int)","11.0 ms (0%)","14.6 ms (1.2%)","2,267 ms (0.6%)","0.0 ms (0%)","5,213"
"plugin.SeleniumPlugin.addCheckWidget (com.symatiq.widgets.Widget, java.util.List, String, String, String)","2.10 ms (0%)","14.5 ms (1.2%)","4.15 ms (0%)","11.1 ms (0.8%)","3,189"
"com.symatiq.actions.Action.getMetadata (String)","10.6 ms (0%)","14.0 ms (1.2%)","10.6 ms (0%)","14.0 ms (1.1%)","290,293"
"org.openqa.selenium.json.Input.read ()","898 ms (0.4%)","12.3 ms (1%)","1,219 ms (0.3%)","10.7 ms (0.8%)","17,296,854"
"com.symatiq.states.AppState.coveredPagesPercent (String, boolean)","6.58 ms (0%)","12.3 ms (1%)","22.0 ms (0%)","0.892 ms (0.1%)","1,755"
"com.symatiq.extension.PluginController.isPluginEnabled (String)","5.66 ms (0%)","11.6 ms (1%)","7.99 ms (0%)","9.61 ms (0.7%)","20,396"
"com.symatiq.extension.PluginThreads.callMethod (String, String, java.awt.Graphics)","54.6 ms (0%)","10.7 ms (0.9%)","3,043 ms (0.8%)","0.0 ms (0%)","19,305"
"org.json.simple.parser.JSONParser.createObjectContainer (org.json.simple.parser.ContainerFactory)","1.23 ms (0%)","9.46 ms (0.8%)","1.81 ms (0%)","6.39 ms (0.5%)","29,673"
"plugin.SeleniumPlugin.performAction (com.symatiq.actions.Action)","3.8 ms (0%)","0.0 ms (0%)","554 ms (0.1%)","0.0 ms (0%)","9"
"plugin.SeleniumPlugin.getCapture ()","0.345 ms (0%)","0.0 ms (0%)","8,510 ms (2.2%)","0.0 ms (0%)","53"
"plugin.SeleniumPlugin.distance (com.symatiq.widgets.Widget, com.symatiq.widgets.Widget)","88.1 ms (0%)","0.0 ms (0%)","137 ms (0%)","0.0 ms (0%)","1,903,009"
"plugin.SeleniumPlugin.isOverlapping (java.util.List, com.symatiq.widgets.Widget)","1.69 ms (0%)","0.0 ms (0%)","1.69 ms (0%)","0.0 ms (0%)","3,207"
"plugin.SeleniumPlugin.changeState ()","0.006 ms (0%)","0.0 ms (0%)","0.015 ms (0%)","0.0 ms (0%)","4"
"plugin.SeleniumPlugin.insertWidget (com.symatiq.widgets.Widget, com.symatiq.states.AppState)","0.017 ms (0%)","0.0 ms (0%)","3.54 ms (0%)","0.0 ms (0%)","13"
"plugin.SeleniumPlugin.loadCookiesForCurrentState ()","0.005 ms (0%)","0.0 ms (0%)","0.007 ms (0%)","0.0 ms (0%)","4"
"plugin.SeleniumPlugin.checkAllowedToInsert ()","0.006 ms (0%)","0.0 ms (0%)","0.296 ms (0%)","0.0 ms (0%)","13"
"plugin.SeleniumPlugin.createCaptureAndReplaceWidgets ()","0.288 ms (0%)","0.0 ms (0%)","7,431 ms (1.9%)","0.0 ms (0%)","53"
"plugin.SeleniumPlugin.insertWidgetAfterChange (com.symatiq.widgets.Widget)","0.0 ms (0%)","0.0 ms (0%)","0.0 ms (0%)","0.0 ms (0%)","4"
"plugin.SeleniumPlugin.getAvailableWidgets ()","66.1 ms (0%)","0.0 ms (0%)","4,454 ms (1.1%)","0.0 ms (0%)","53"
"plugin.SeleniumPlugin.verifyAndReplaceWidgets (java.util.List)","0.453 ms (0%)","0.0 ms (0%)","2.95 ms (0%)","0.0 ms (0%)","52"
"plugin.SeleniumPlugin.findWebElement (com.symatiq.widgets.Widget)","0.008 ms (0%)","0.0 ms (0%)","77.9 ms (0%)","0.0 ms (0%)","16"
"plugin.SeleniumPlugin.clickWebElement (org.openqa.selenium.WebElement)","0.723 ms (0%)","0.0 ms (0%)","502 ms (0.1%)","0.0 ms (0%)","4"
"plugin.SeleniumPlugin.isValidText (String)","3.28 ms (0%)","0.0 ms (0%)","3.28 ms (0%)","0.0 ms (0%)","71,854"
"plugin.SeleniumPlugin.object2String (Object)","12.3 ms (0%)","0.0 ms (0%)","12.3 ms (0%)","0.0 ms (0%)","454,512"
"plugin.SeleniumPlugin.object2Long (Object)","2.77 ms (0%)","0.0 ms (0%)","2.77 ms (0%)","0.0 ms (0%)","106,944"
"plugin.SeleniumPlugin.getVisibleText (com.symatiq.widgets.Widget)","7.38 ms (0%)","0.0 ms (0%)","14.5 ms (0%)","0.0 ms (0%)","60,215"
"plugin.SeleniumPlugin.addContains (com.symatiq.widgets.Widget, java.util.List)","8.22 ms (0%)","0.0 ms (0%)","9.9 ms (0%)","0.0 ms (0%)","9,236"
"plugin.SeleniumPlugin.containsNeighbor (java.util.List, int, int, int, int)","2.46 ms (0%)","0.0 ms (0%)","2.46 ms (0%)","0.0 ms (0%)","71,499"
"plugin.SeleniumPlugin.findWebElementInt (com.symatiq.widgets.Widget)","0.044 ms (0%)","0.0 ms (0%)","77.9 ms (0%)","0.0 ms (0%)","16"
"plugin.SeleniumPlugin.addPageContent (java.util.List)","0.483 ms (0%)","0.0 ms (0%)","0.528 ms (0%)","0.0 ms (0%)","52"
"plugin.SeleniumPlugin.findClosest (java.awt.Rectangle, java.awt.Rectangle)","48.9 ms (0%)","0.0 ms (0%)","48.9 ms (0%)","0.0 ms (0%)","1,903,009"
"plugin.SeleniumPlugin.addNeighbors (com.symatiq.widgets.Widget, java.util.List)","75.4 ms (0%)","0.0 ms (0%)","235 ms (0.1%)","0.0 ms (0%)","9,236"
"org.openqa.selenium.remote.ElementLocation$ElementFinder.massage (org.openqa.selenium.remote.RemoteWebDriver, org.openqa.selenium.SearchContext, org.openqa.selenium.WebElement, org.openqa.selenium.By)","0.179 ms (0%)","0.0 ms (0%)","0.774 ms (0%)","0.0 ms (0%)","220"
"com.symatiq.extension.PluginThreads$CallMethodThread.run ()","0.199 ms (0%)","0.0 ms (0%)","4.15 ms (0%)","0.0 ms (0%)","75"
"org.openqa.selenium.json.CollectionCoercer.test (Class)","0.002 ms (0%)","0.0 ms (0%)","0.002 ms (0%)","0.0 ms (0%)","1"
"org.openqa.selenium.json.CollectionCoercer.apply (java.lang.reflect.Type)","0.125 ms (0%)","0.0 ms (0%)","0.125 ms (0%)","0.0 ms (0%)","1"
"org.openqa.selenium.json.CollectionCoercer.lambda$apply$0 (java.lang.reflect.Type, org.openqa.selenium.json.PropertySetting, org.openqa.selenium.json.JsonInput)","0.032 ms (0%)","0.0 ms (0%)","5.70 ms (0%)","0.0 ms (0%)","204"
"org.openqa.selenium.json.CollectionCoercer.lambda$apply$1 (java.lang.reflect.Type, org.openqa.selenium.json.JsonInput, org.openqa.selenium.json.PropertySetting)","0.324 ms (0%)","0.0 ms (0%)","6.24 ms (0%)","0.0 ms (0%)","12"
"org.openqa.selenium.json.JsonOutput$Root.write (String)","0.176 ms (0%)","0.0 ms (0%)","0.658 ms (0%)","0.0 ms (0%)","400"
"com.symatiq.actions.MoveAction.clone (com.symatiq.actions.MoveAction)","0.891 ms (0%)","0.0 ms (0%)","4.20 ms (0%)","0.0 ms (0%)","8,027"
"org.openqa.selenium.json.JsonTypeCoercer.lambda$new$0 (Number)","0.127 ms (0%)","0.0 ms (0%)","0.127 ms (0%)","0.0 ms (0%)","106"
"org.openqa.selenium.json.JsonTypeCoercer.lambda$new$2 (java.util.LinkedHashMap, java.util.Map.Entry)","0.770 ms (0%)","0.0 ms (0%)","0.770 ms (0%)","0.0 ms (0%)","900"
"org.openqa.selenium.json.JsonTypeCoercer.lambda$buildCoercer$6 (java.util.function.BiFunction, org.openqa.selenium.json.JsonInput, org.openqa.selenium.json.PropertySetting)","1.96 ms (0%)","0.0 ms (0%)","1,966 ms (0.5%)","6.23 ms (0.5%)","3,991"
"org.openqa.selenium.json.JsonTypeCoercer.lambda$buildCoercer$7 (java.util.function.BiFunction)","0.068 ms (0%)","0.0 ms (0%)","0.068 ms (0%)","0.0 ms (0%)","1"
"org.openqa.selenium.json.JsonTypeCoercer.lambda$buildCoercer$4 (java.lang.reflect.Type, org.openqa.selenium.json.TypeCoercer)","0.030 ms (0%)","0.0 ms (0%)","0.074 ms (0%)","0.0 ms (0%)","16"
"org.openqa.selenium.json.JsonTypeCoercer.lambda$buildCoercer$5 (java.lang.reflect.Type, org.openqa.selenium.json.TypeCoercer)","0.003 ms (0%)","0.0 ms (0%)","0.128 ms (0%)","0.0 ms (0%)","1"
"org.openqa.selenium.json.JsonTypeCoercer.coerce (org.openqa.selenium.json.JsonInput, java.lang.reflect.Type, org.openqa.selenium.json.PropertySetting)","2.33 ms (0%)","0.0 ms (0%)","1,967 ms (0.5%)","6.14 ms (0.5%)","3,991"
"org.openqa.selenium.json.JsonTypeCoercer.buildCoercer (java.lang.reflect.Type)","0.446 ms (0%)","0.0 ms (0%)","0.718 ms (0%)","0.0 ms (0%)","1"
"com.symatiq.states.AppState.getClonesAndMutations (java.util.List, int, java.util.List)","1.97 ms (0%)","0.0 ms (0%)","2.59 ms (0%)","0.0 ms (0%)","101"
"com.symatiq.states.AppState.getClonesAndMutations (java.util.List)","0.016 ms (0%)","0.0 ms (0%)","2.71 ms (0%)","0.0 ms (0%)","17"
"com.symatiq.states.AppState.getVisibleWidgets ()","15.7 ms (0%)","0.0 ms (0%)","15.7 ms (0%)","0.0 ms (0%)","28,085"
"com.symatiq.states.AppState.getMetadata (String)","2.71 ms (0%)","0.0 ms (0%)","2.71 ms (0%)","0.0 ms (0%)","28,123"
"com.symatiq.states.AppState.putMetadata (String, Object)","0.051 ms (0%)","0.0 ms (0%)","0.051 ms (0%)","0.0 ms (0%)","78"
"com.symatiq.states.AppState.containsProductVersion (String)","2.61 ms (0%)","0.0 ms (0%)","2.61 ms (0%)","0.0 ms (0%)","42,095"
"com.symatiq.states.AppState.getUniqueId ()","2.46 ms (0%)","0.0 ms (0%)","2.46 ms (0%)","0.0 ms (0%)","35,747"
"com.symatiq.states.AppState.addIteration ()","0.001 ms (0%)","0.0 ms (0%)","0.001 ms (0%)","0.0 ms (0%)","13"
"com.symatiq.states.AppState.addProductVersion (String)","0.008 ms (0%)","0.0 ms (0%)","0.022 ms (0%)","0.0 ms (0%)","13"
"com.symatiq.states.AppState.addWidget (com.symatiq.widgets.Widget, com.symatiq.widgets.Widget.WidgetVisibility, String)","1.34 ms (0%)","0.0 ms (0%)","1.34 ms (0%)","0.0 ms (0%)","9,236"
"com.symatiq.states.AppState.addWidget (com.symatiq.widgets.Widget)","0.100 ms (0%)","0.0 ms (0%)","0.100 ms (0%)","0.0 ms (0%)","13"
"com.symatiq.states.AppState.getCurrentPath ()","0.020 ms (0%)","0.0 ms (0%)","0.020 ms (0%)","0.0 ms (0%)","17"
"com.symatiq.states.AppState.getStateCount ()","0.056 ms (0%)","0.0 ms (0%)","0.615 ms (0%)","0.0 ms (0%)","39"
"com.symatiq.states.AppState.getAllWidgets ()","5.86 ms (0%)","0.0 ms (0%)","5.86 ms (0%)","0.0 ms (0%)","5,217"
"com.symatiq.states.AppState.getBestUncoveredWidget (String)","2.45 ms (0%)","0.0 ms (0%)","3.84 ms (0%)","0.0 ms (0%)","1,755"
"com.symatiq.states.AppState.coveredPercent (String, boolean)","1.0 ms (0%)","0.0 ms (0%)","12.5 ms (0%)","0.0 ms (0%)","1,756"
"com.symatiq.states.AppState.coveredPercent (String)","0.510 ms (0%)","0.0 ms (0%)","13.0 ms (0%)","0.0 ms (0%)","1,755"
"com.symatiq.states.AppState.replaceSuggestedWidgets (java.util.List, String)","0.003 ms (0%)","0.0 ms (0%)","0.034 ms (0%)","0.0 ms (0%)","4"
"com.symatiq.states.AppState.replaceHiddenWidgets (java.util.List, String)","0.057 ms (0%)","0.0 ms (0%)","2.32 ms (0%)","0.0 ms (0%)","52"
"com.symatiq.states.AppState.coveredPagesPercent (String)","0.420 ms (0%)","0.0 ms (0%)","22.4 ms (0%)","0.528 ms (0%)","1,755"
"com.symatiq.states.AppState.removeWidgets (String, com.symatiq.widgets.Widget.WidgetVisibility)","0.383 ms (0%)","0.0 ms (0%)","0.383 ms (0%)","0.0 ms (0%)","56"
"com.symatiq.states.AppState.getIssues ()","8.13 ms (0%)","0.0 ms (0%)","8.13 ms (0%)","0.0 ms (0%)","12,272"
"com.symatiq.states.AppState.addWidgets (java.util.List, com.symatiq.widgets.Widget.WidgetVisibility, String)","0.563 ms (0%)","0.0 ms (0%)","1.90 ms (0%)","0.0 ms (0%)","56"
"com.symatiq.states.AppState.isHome ()","2.37 ms (0%)","0.0 ms (0%)","2.37 ms (0%)","0.0 ms (0%)","75,921"
"com.symatiq.states.AppState.covered (String, java.util.IdentityHashMap, java.util.List, java.util.List, boolean)","6.69 ms (0%)","0.0 ms (0%)","24.3 ms (0%)","0.0 ms (0%)","28,055"
"com.symatiq.states.AppState.getLeafCount ()","1.39 ms (0%)","0.0 ms (0%)","47.5 ms (0%)","8.15 ms (0.6%)","12,272"
"com.symatiq.states.AppState.getCoveredStates (java.util.IdentityHashMap)","0.086 ms (0%)","0.0 ms (0%)","0.554 ms (0%)","0.0 ms (0%)","227"
"com.symatiq.states.AppState.getVisibleActions ()","42.8 ms (0%)","0.0 ms (0%)","42.8 ms (0%)","0.0 ms (0%)","79,658"
"com.symatiq.states.AppState.getPathToBookmark (java.util.List, java.util.List)","0.092 ms (0%)","0.0 ms (0%)","0.092 ms (0%)","0.0 ms (0%)","17"
"com.symatiq.states.AppState.containIssues ()","1.29 ms (0%)","0.0 ms (0%)","9.43 ms (0%)","0.0 ms (0%)","12,272"
"com.symatiq.states.AppState.getNonHiddenWidgets ()","3.89 ms (0%)","0.0 ms (0%)","3.89 ms (0%)","0.0 ms (0%)","1,807"
"org.openqa.selenium.logging.CompositeLocalLogs.addEntry (String, org.openqa.selenium.logging.LogEntry)","0.917 ms (0%)","0.0 ms (0%)","1.55 ms (0%)","0.0 ms (0%)","1,362"
"com.symatiq.extension.PluginThreads.callMethod (String, String, com.symatiq.actions.Action)","0.409 ms (0%)","0.0 ms (0%)","555 ms (0.1%)","0.0 ms (0%)","45"
"com.symatiq.extension.PluginThreads.callMethod (String, String, java.awt.image.BufferedImage)","0.029 ms (0%)","0.0 ms (0%)","0.104 ms (0%)","0.0 ms (0%)","52"
"com.symatiq.extension.PluginThreads.callMethod (String, String)","4.91 ms (0%)","0.0 ms (0%)","8,516 ms (2.2%)","0.0 ms (0%)","181"
"com.symatiq.extension.PluginThreads.startCallMethodThread (String, String, com.symatiq.actions.Action)","5.15 ms (0%)","0.0 ms (0%)","5.15 ms (0%)","0.0 ms (0%)","135"
"com.symatiq.extension.PluginThreads.startCallMethodThread (String, String)","9.88 ms (0%)","0.0 ms (0%)","9.88 ms (0%)","0.0 ms (0%)","224"
"com.symatiq.Scout$MyMouseListener.mousePressed (java.awt.event.MouseEvent)","0.642 ms (0%)","0.0 ms (0%)","0.642 ms (0%)","0.0 ms (0%)","13"
"com.symatiq.Scout$MyMouseListener.mouseReleased (java.awt.event.MouseEvent)","0.554 ms (0%)","0.0 ms (0%)","2.97 ms (0%)","0.0 ms (0%)","13"
"com.symatiq.Scout$MyMouseListener.mouseExited (java.awt.event.MouseEvent)","0.173 ms (0%)","0.0 ms (0%)","0.173 ms (0%)","0.0 ms (0%)","2"
"com.symatiq.Scout$MyMouseListener.mouseMoved (java.awt.event.MouseEvent)","20.1 ms (0%)","0.0 ms (0%)","20.1 ms (0%)","0.0 ms (0%)","1,657"
"org.openqa.selenium.remote.codec.w3c.W3CHttpResponseCodec.decode (Object)","0.284 ms (0%)","0.0 ms (0%)","2,009 ms (0.5%)","4.37 ms (0.3%)","681"
"org.openqa.selenium.remote.codec.w3c.W3CHttpResponseCodec.decode (org.openqa.selenium.remote.http.HttpResponse)","6.99 ms (0%)","0.0 ms (0%)","2,009 ms (0.5%)","4.41 ms (0.3%)","681"
"org.openqa.selenium.json.JsonInputIterator.hasNext ()","0.337 ms (0%)","0.0 ms (0%)","2.67 ms (0%)","0.0 ms (0%)","2,017"
"org.openqa.selenium.json.JsonInputIterator.next ()","0.082 ms (0%)","0.0 ms (0%)","0.082 ms (0%)","0.0 ms (0%)","1,105"
"org.openqa.selenium.json.JsonInputIterator.asStream ()","0.429 ms (0%)","0.0 ms (0%)","0.429 ms (0%)","0.0 ms (0%)","913"
"com.symatiq.Scout$RemoteKeyListener.keyPressed (java.awt.event.KeyEvent)","0.389 ms (0%)","0.0 ms (0%)","3.45 ms (0%)","0.0 ms (0%)","14"
"plugin.Autopilot.updateState ()","0.016 ms (0%)","0.0 ms (0%)","0.044 ms (0%)","0.0 ms (0%)","11"
"plugin.Autopilot.changeState ()","0.032 ms (0%)","0.0 ms (0%)","0.035 ms (0%)","0.0 ms (0%)","4"
"plugin.Autopilot.autoPerformAction ()","0.020 ms (0%)","0.0 ms (0%)","0.023 ms (0%)","0.0 ms (0%)","11"
"org.openqa.selenium.json.JsonOutput$JsonObject.name (String)","0.360 ms (0%)","0.0 ms (0%)","3.35 ms (0%)","0.0 ms (0%)","1,072"
"org.openqa.selenium.json.JsonOutput$JsonObject.write (String)","0.132 ms (0%)","0.0 ms (0%)","0.423 ms (0%)","0.0 ms (0%)","1,072"
"org.openqa.selenium.remote.Dialect$1.getEncodedElementKey ()","0.019 ms (0%)","0.0 ms (0%)","0.019 ms (0%)","0.0 ms (0%)","224"
"org.openqa.selenium.By.xpath (String)","0.090 ms (0%)","0.0 ms (0%)","0.108 ms (0%)","0.0 ms (0%)","16"
"org.openqa.selenium.By.tagName (String)","0.052 ms (0%)","0.0 ms (0%)","0.055 ms (0%)","0.0 ms (0%)","12"
"plugin.MimicActions.updateSuggestions ()","0.042 ms (0%)","0.0 ms (0%)","0.592 ms (0%)","0.0 ms (0%)","4"
"org.openqa.selenium.remote.http.jdk.JdkHttpClient.execute (org.openqa.selenium.remote.http.HttpRequest)","0.503 ms (0%)","0.0 ms (0%)","5,332 ms (1.4%)","43.9 ms (3.3%)","681"
"com.symatiq.Scout$2.paintComponent (java.awt.Graphics)","285 ms (0.1%)","0.0 ms (0%)","3,393 ms (0.9%)","0.0 ms (0%)","1,755"
"com.symatiq.extension.PluginThreads$CallActionMethodThread.run ()","0.027 ms (0%)","0.0 ms (0%)","555 ms (0.1%)","0.0 ms (0%)","45"
"org.openqa.selenium.remote.service.DriverCommandExecutor.execute (org.openqa.selenium.remote.Command)","0.453 ms (0%)","0.0 ms (0%)","7,545 ms (1.9%)","4.24 ms (0.3%)","681"
"org.openqa.selenium.remote.service.DriverCommandExecutor.invokeExecute (org.openqa.selenium.remote.Command)","0.202 ms (0%)","0.0 ms (0%)","7,544 ms (1.9%)","4.30 ms (0.3%)","681"
"org.openqa.selenium.remote.Command.getName ()","0.315 ms (0%)","0.0 ms (0%)","0.315 ms (0%)","0.0 ms (0%)","8,170"
"org.openqa.selenium.remote.Command.getParameters ()","0.055 ms (0%)","0.0 ms (0%)","0.055 ms (0%)","0.0 ms (0%)","681"
"org.openqa.selenium.remote.http.jdk.JdkHttpMessages.createRequest (org.openqa.selenium.remote.http.HttpRequest, org.openqa.selenium.remote.http.HttpMethod, java.net.URI)","14.9 ms (0%)","0.0 ms (0%)","23.2 ms (0%)","0.0 ms (0%)","681"
"org.openqa.selenium.remote.http.jdk.JdkHttpMessages.lambda$createRequest$2 (java.net.http.HttpRequest.Builder, String, String)","3.4 ms (0%)","0.0 ms (0%)","3.4 ms (0%)","0.0 ms (0%)","2,043"
"org.openqa.selenium.remote.http.jdk.JdkHttpMessages.lambda$createResponse$4 (org.openqa.selenium.remote.http.HttpResponse, String, java.util.List)","3.51 ms (0%)","0.0 ms (0%)","5.39 ms (0%)","0.0 ms (0%)","2,043"
"org.openqa.selenium.remote.http.jdk.JdkHttpMessages.notChunkingBodyPublisher (org.openqa.selenium.remote.http.HttpRequest)","0.772 ms (0%)","0.0 ms (0%)","0.873 ms (0%)","0.0 ms (0%)","400"
"org.openqa.selenium.remote.http.jdk.JdkHttpMessages.lambda$createResponse$3 (org.openqa.selenium.remote.http.HttpResponse, String, String)","0.304 ms (0%)","0.0 ms (0%)","1.86 ms (0%)","0.0 ms (0%)","2,043"
"org.openqa.selenium.remote.http.jdk.JdkHttpMessages.createResponse (java.net.http.HttpResponse)","3.57 ms (0%)","0.0 ms (0%)","10.2 ms (0%)","0.0 ms (0%)","681"
"org.openqa.selenium.json.JsonOutput$Node.write (String)","0.809 ms (0%)","0.0 ms (0%)","1.20 ms (0%)","0.0 ms (0%)","1,896"
"org.openqa.selenium.logging.StoringLocalLogs.addEntry (String, org.openqa.selenium.logging.LogEntry)","0.350 ms (0%)","0.0 ms (0%)","0.350 ms (0%)","0.0 ms (0%)","1,362"
"org.openqa.selenium.json.JsonOutput.lambda$new$1 (Appendable, String)","1.2 ms (0%)","0.0 ms (0%)","1.2 ms (0%)","0.0 ms (0%)","7,596"
"org.openqa.selenium.json.JsonOutput.name (String)","0.238 ms (0%)","0.0 ms (0%)","3.61 ms (0%)","0.0 ms (0%)","1,072"
"org.openqa.selenium.json.JsonOutput.append (String)","0.350 ms (0%)","0.0 ms (0%)","0.930 ms (0%)","0.0 ms (0%)","1,268"
"org.openqa.selenium.json.JsonOutput.getMethod (Class, String)","25.3 ms (0%)","0.0 ms (0%)","25.5 ms (0%)","0.0 ms (0%)","11,392"
"org.openqa.selenium.json.JsonOutput.write (Object, int)","0.214 ms (0%)","0.0 ms (0%)","159 ms (0%)","0.0 ms (0%)","400"
"org.openqa.selenium.json.JsonOutput.close ()","0.363 ms (0%)","0.0 ms (0%)","0.363 ms (0%)","0.0 ms (0%)","400"
"org.openqa.selenium.json.JsonOutput.write0 (Object, int, int)","8.30 ms (0%)","0.0 ms (0%)","158 ms (0%)","0.0 ms (0%)","1,904"
"org.openqa.selenium.json.JsonOutput.lambda$new$4 (Object, int, int)","0.012 ms (0%)","0.0 ms (0%)","0.020 ms (0%)","0.0 ms (0%)","20"
"org.openqa.selenium.json.JsonOutput.lambda$new$3 (Object, int, int)","0.231 ms (0%)","0.0 ms (0%)","99.9 ms (0%)","0.0 ms (0%)","872"
"org.openqa.selenium.json.JsonOutput.endObject ()","1.97 ms (0%)","0.0 ms (0%)","2.26 ms (0%)","0.0 ms (0%)","628"
"org.openqa.selenium.json.JsonOutput.beginObject ()","1.34 ms (0%)","0.0 ms (0%)","2.15 ms (0%)","0.0 ms (0%)","628"
"org.openqa.selenium.json.JsonOutput.beginArray ()","0.714 ms (0%)","0.0 ms (0%)","0.974 ms (0%)","0.0 ms (0%)","376"
"org.openqa.selenium.json.JsonOutput.endArray ()","0.671 ms (0%)","0.0 ms (0%)","0.709 ms (0%)","0.0 ms (0%)","376"
"org.openqa.selenium.json.JsonOutput.lambda$asString$34 (StringBuilder, int)","41.5 ms (0%)","0.0 ms (0%)","41.5 ms (0%)","0.0 ms (0%)","1,866,513"
"org.openqa.selenium.json.JsonOutput.asString (Object)","59.9 ms (0%)","0.0 ms (0%)","101 ms (0%)","0.0 ms (0%)","1,944"
"org.openqa.selenium.json.JsonOutput.lambda$write0$32 (Object, java.util.Map.Entry)","4.83 ms (0%)","0.0 ms (0%)","30.8 ms (0%)","0.0 ms (0%)","19,612"
"org.openqa.selenium.json.JsonOutput.convertUsingMethod (String, Object, int, int)","0.076 ms (0%)","0.0 ms (0%)","3.83 ms (0%)","0.0 ms (0%)","8"
"org.openqa.selenium.json.JsonOutput.lambda$new$23 (Object, int, int)","2.57 ms (0%)","0.0 ms (0%)","16.6 ms (0%)","0.0 ms (0%)","376"
"org.openqa.selenium.json.JsonOutput.lambda$new$25 (Object, int, int)","5.13 ms (0%)","0.0 ms (0%)","137 ms (0%)","0.0 ms (0%)","628"
"org.openqa.selenium.json.JsonOutput.lambda$new$24 (int, int, Object, Object)","0.359 ms (0%)","0.0 ms (0%)","129 ms (0%)","0.0 ms (0%)","1,072"
"org.openqa.selenium.json.JsonOutput.lambda$new$15 (Class)","0.184 ms (0%)","0.0 ms (0%)","14.2 ms (0%)","0.0 ms (0%)","1,012"
"org.openqa.selenium.json.JsonOutput.lambda$new$16 (Object, int, int)","0.005 ms (0%)","0.0 ms (0%)","3.83 ms (0%)","0.0 ms (0%)","8"
"org.openqa.selenium.json.JsonOutput.lambda$new$22 (int, int, Object)","0.050 ms (0%)","0.0 ms (0%)","12.4 ms (0%)","0.0 ms (0%)","424"
"org.openqa.selenium.json.JsonOutput.lambda$new$17 (Class)","0.090 ms (0%)","0.0 ms (0%)","5.88 ms (0%)","0.0 ms (0%)","1,004"
"org.openqa.selenium.json.JsonOutput.lambda$new$21 (Object)","0.047 ms (0%)","0.0 ms (0%)","0.047 ms (0%)","0.0 ms (0%)","424"
"org.openqa.selenium.json.JsonOutput.lambda$new$19 (Class)","0.107 ms (0%)","0.0 ms (0%)","5.83 ms (0%)","0.0 ms (0%)","1,004"
"org.openqa.selenium.json.BooleanCoercer.test (Class)","0.006 ms (0%)","0.0 ms (0%)","0.006 ms (0%)","0.0 ms (0%)","1"
"plugin.AugmentState.paintCapture (java.awt.Graphics)","5.40 ms (0%)","0.0 ms (0%)","950 ms (0.2%)","0.0 ms (0%)","1,755"
"com.symatiq.widgets.Widget.clone (com.symatiq.widgets.Widget)","1.36 ms (0%)","0.0 ms (0%)","5.57 ms (0%)","0.0 ms (0%)","8,027"
"com.symatiq.widgets.Widget.coveredPercent (String, boolean)","0.007 ms (0%)","0.0 ms (0%)","0.011 ms (0%)","0.0 ms (0%)","1"
"com.symatiq.widgets.Widget.isCloneOrMutation (com.symatiq.widgets.Widget)","0.606 ms (0%)","0.0 ms (0%)","0.606 ms (0%)","0.0 ms (0%)","17,358"
"org.openqa.selenium.json.StringCoercer.test (Class)","0.003 ms (0%)","0.0 ms (0%)","0.003 ms (0%)","0.0 ms (0%)","1"
"org.openqa.selenium.json.StringCoercer.lambda$apply$0 (org.openqa.selenium.json.JsonInput, org.openqa.selenium.json.PropertySetting)","0.598 ms (0%)","0.0 ms (0%)","1,944 ms (0.5%)","17.6 ms (1.3%)","1,647"
"org.openqa.selenium.json.UuidCoercer.test (Class)","0.002 ms (0%)","0.0 ms (0%)","0.002 ms (0%)","0.0 ms (0%)","1"
"org.openqa.selenium.remote.WebElementToJsonConverter.apply (Object)","1.28 ms (0%)","0.0 ms (0%)","1.28 ms (0%)","0.0 ms (0%)","612"
"org.openqa.selenium.json.UriCoercer.test (Class)","0.003 ms (0%)","0.0 ms (0%)","0.003 ms (0%)","0.0 ms (0%)","1"
"org.openqa.selenium.remote.ElementLocation.findElement (org.openqa.selenium.remote.RemoteWebDriver, org.openqa.selenium.SearchContext, java.util.function.BiFunction, org.openqa.selenium.By)","0.056 ms (0%)","0.0 ms (0%)","77.5 ms (0%)","0.0 ms (0%)","16"
"org.openqa.selenium.remote.ElementLocation.findElements (org.openqa.selenium.remote.RemoteWebDriver, org.openqa.selenium.SearchContext, java.util.function.BiFunction, org.openqa.selenium.By)","0.026 ms (0%)","0.0 ms (0%)","53.2 ms (0%)","0.0 ms (0%)","12"
"org.openqa.selenium.remote.http.Contents$1.get ()","0.657 ms (0%)","0.0 ms (0%)","0.909 ms (0%)","0.0 ms (0%)","1,105"
"org.openqa.selenium.remote.http.Contents$1.get ()","0.244 ms (0%)","0.0 ms (0%)","0.244 ms (0%)","0.0 ms (0%)","1,105"
"org.openqa.selenium.remote.http.Contents$1.length ()","0.041 ms (0%)","0.0 ms (0%)","0.041 ms (0%)","0.0 ms (0%)","400"
"org.openqa.selenium.json.JsonInput.hasNext ()","0.604 ms (0%)","0.0 ms (0%)","2.31 ms (0%)","0.0 ms (0%)","2,017"
"org.openqa.selenium.json.JsonInput.read (String, java.util.function.Function)","0.048 ms (0%)","0.0 ms (0%)","0.062 ms (0%)","0.0 ms (0%)","21"
"org.openqa.selenium.json.JsonInput.close ()","0.153 ms (0%)","0.0 ms (0%)","0.153 ms (0%)","0.0 ms (0%)","680"
"org.openqa.selenium.json.JsonInput.peek ()","1.94 ms (0%)","0.0 ms (0%)","6.75 ms (0%)","0.0 ms (0%)","12,472"
"org.openqa.selenium.json.JsonInput.expect (org.openqa.selenium.json.JsonType)","0.788 ms (0%)","0.0 ms (0%)","2.32 ms (0%)","0.0 ms (0%)","3,599"
"org.openqa.selenium.json.JsonInput.skipWhitespace (org.openqa.selenium.json.Input)","1.54 ms (0%)","0.0 ms (0%)","4.45 ms (0%)","0.0 ms (0%)","15,411"
"org.openqa.selenium.json.JsonInput.isReadingName ()","0.280 ms (0%)","0.0 ms (0%)","0.280 ms (0%)","0.0 ms (0%)","7,774"
"org.openqa.selenium.json.JsonInput.readEscape (StringBuilder)","53.2 ms (0%)","0.0 ms (0%)","120 ms (0%)","0.0 ms (0%)","1,059,366"
"org.openqa.selenium.json.JsonInput.lambda$nextNull$0 (String)","0.001 ms (0%)","0.0 ms (0%)","0.001 ms (0%)","0.0 ms (0%)","21"
"org.openqa.selenium.json.JsonInput.endObject ()","0.255 ms (0%)","0.0 ms (0%)","0.830 ms (0%)","0.0 ms (0%)","900"
"org.openqa.selenium.json.JsonInput.nextName ()","0.333 ms (0%)","0.0 ms (0%)","3.32 ms (0%)","14.2 ms (1.1%)","901"
"org.openqa.selenium.json.JsonInput.beginObject ()","0.543 ms (0%)","0.0 ms (0%)","1.22 ms (0%)","0.0 ms (0%)","901"
"org.openqa.selenium.json.JsonInput.beginArray ()","0.015 ms (0%)","0.0 ms (0%)","0.022 ms (0%)","0.0 ms (0%)","12"
"org.openqa.selenium.json.JsonInput.endArray ()","0.010 ms (0%)","0.0 ms (0%)","0.017 ms (0%)","0.0 ms (0%)","12"
"org.openqa.selenium.json.JsonInput.nextNull ()","0.311 ms (0%)","0.0 ms (0%)","0.402 ms (0%)","0.0 ms (0%)","21"
"org.openqa.selenium.json.JsonInput.nextNumber ()","0.931 ms (0%)","0.0 ms (0%)","1.3 ms (0%)","0.0 ms (0%)","106"
"org.openqa.selenium.json.JsonInput.nextString ()","0.186 ms (0%)","0.0 ms (0%)","1,939 ms (0.5%)","8.62 ms (0.6%)","746"
"org.openqa.selenium.remote.DriverCommand.ACTIONS (java.util.Collection)","0.013 ms (0%)","0.0 ms (0%)","0.013 ms (0%)","0.0 ms (0%)","4"
"org.openqa.selenium.remote.DriverCommand.EXECUTE_SCRIPT (String, java.util.List)","0.577 ms (0%)","0.0 ms (0%)","0.577 ms (0%)","0.0 ms (0%)","164"
"org.openqa.selenium.remote.DriverCommand.FIND_ELEMENT (String, Object)","0.055 ms (0%)","0.0 ms (0%)","0.055 ms (0%)","0.0 ms (0%)","16"
"org.openqa.selenium.remote.DriverCommand.GET_ELEMENT_ATTRIBUTE (String, String)","0.453 ms (0%)","0.0 ms (0%)","0.453 ms (0%)","0.0 ms (0%)","204"
"org.openqa.selenium.remote.DriverCommand.GET_ELEMENT_DOM_ATTRIBUTE (String, String)","0.031 ms (0%)","0.0 ms (0%)","0.031 ms (0%)","0.0 ms (0%)","12"
"org.openqa.selenium.remote.DriverCommand.FIND_CHILD_ELEMENTS (String, String, String)","0.034 ms (0%)","0.0 ms (0%)","0.034 ms (0%)","0.0 ms (0%)","12"
"org.openqa.selenium.remote.DriverCommand.GET_ELEMENT_TAG_NAME (String)","0.025 ms (0%)","0.0 ms (0%)","0.025 ms (0%)","0.0 ms (0%)","12"
"org.openqa.selenium.remote.DriverCommand.GET_ELEMENT_TEXT (String)","0.270 ms (0%)","0.0 ms (0%)","0.270 ms (0%)","0.0 ms (0%)","204"
"org.openqa.selenium.logging.profiler.HttpProfilerLogEntry.constructMessage (org.openqa.selenium.logging.profiler.EventType, String, boolean)","5.12 ms (0%)","0.0 ms (0%)","5.12 ms (0%)","0.0 ms (0%)","1,362"
"org.openqa.selenium.logging.HandlerBasedLocalLogs.getAvailableLogTypes ()","0.269 ms (0%)","0.0 ms (0%)","0.269 ms (0%)","0.0 ms (0%)","1,362"
"org.openqa.selenium.internal.Require$ArgumentChecker.nonNull (String, Object[])","0.057 ms (0%)","0.0 ms (0%)","0.057 ms (0%)","0.0 ms (0%)","961"
"org.openqa.selenium.json.InstantCoercer.test (Class)","0.002 ms (0%)","0.0 ms (0%)","0.002 ms (0%)","0.0 ms (0%)","1"
"org.openqa.selenium.OutputType$3.save (byte[])","620 ms (0.3%)","0.0 ms (0%)","620 ms (0.2%)","0.0 ms (0%)","53"
"org.openqa.selenium.OutputType$3.convertFromBase64Png (String)","0.037 ms (0%)","0.0 ms (0%)","623 ms (0.2%)","0.0 ms (0%)","53"
"org.openqa.selenium.OutputType$3.convertFromBase64Png (String)","0.139 ms (0%)","0.0 ms (0%)","623 ms (0.2%)","0.0 ms (0%)","53"
"org.openqa.selenium.remote.RemoteWebDriver.toString ()","0.128 ms (0%)","0.0 ms (0%)","0.185 ms (0%)","0.0 ms (0%)","16"
"org.openqa.selenium.remote.RemoteWebDriver.log (org.openqa.selenium.remote.SessionId, String, Object, org.openqa.selenium.remote.RemoteWebDriver.When)","0.266 ms (0%)","0.0 ms (0%)","0.266 ms (0%)","0.0 ms (0%)","1,361"
"org.openqa.selenium.remote.RemoteWebDriver.execute (String)","0.059 ms (0%)","0.0 ms (0%)","2,152 ms (0.6%)","0.0 ms (0%)","53"
"org.openqa.selenium.remote.RemoteWebDriver.execute (org.openqa.selenium.remote.CommandPayload)","7.98 ms (0%)","0.0 ms (0%)","7,555 ms (1.9%)","4.6 ms (0.3%)","681"
"org.openqa.selenium.remote.RemoteWebDriver.execute (String, java.util.Map)","0.065 ms (0%)","0.0 ms (0%)","2,152 ms (0.6%)","0.0 ms (0%)","53"
"org.openqa.selenium.remote.RemoteWebDriver.perform (java.util.Collection)","0.006 ms (0%)","0.0 ms (0%)","496 ms (0.1%)","0.0 ms (0%)","4"
"org.openqa.selenium.remote.RemoteWebDriver.findElement (org.openqa.selenium.SearchContext, java.util.function.BiFunction, org.openqa.selenium.By)","0.016 ms (0%)","0.0 ms (0%)","77.5 ms (0%)","0.0 ms (0%)","16"
"org.openqa.selenium.remote.RemoteWebDriver.findElement (org.openqa.selenium.By)","0.237 ms (0%)","0.0 ms (0%)","77.7 ms (0%)","0.0 ms (0%)","16"
"org.openqa.selenium.remote.RemoteWebDriver.findElements (org.openqa.selenium.SearchContext, java.util.function.BiFunction, org.openqa.selenium.By)","0.013 ms (0%)","0.0 ms (0%)","53.2 ms (0%)","0.0 ms (0%)","12"
"org.openqa.selenium.remote.RemoteWebDriver.getScreenshotAs (org.openqa.selenium.OutputType)","0.187 ms (0%)","0.0 ms (0%)","2,775 ms (0.7%)","0.0 ms (0%)","53"
"org.openqa.selenium.remote.RemoteWebDriver.executeScript (String, Object[])","1.95 ms (0%)","0.0 ms (0%)","3,509 ms (0.9%)","4.2 ms (0.3%)","164"
"com.symatiq.actions.Action.clone (com.symatiq.actions.Action)","2.54 ms (0%)","0.0 ms (0%)","3.31 ms (0%)","0.0 ms (0%)","8,027"
"com.symatiq.actions.Action.increaseTimesManual ()","0.002 ms (0%)","0.0 ms (0%)","0.002 ms (0%)","0.0 ms (0%)","13"
"com.symatiq.actions.Action.reward (int)","0.008 ms (0%)","0.0 ms (0%)","0.008 ms (0%)","0.0 ms (0%)","13"
"org.openqa.selenium.json.UrlCoercer.test (Class)","0.002 ms (0%)","0.0 ms (0%)","0.002 ms (0%)","0.0 ms (0%)","1"
"org.openqa.selenium.remote.http.HttpResponse.getContentEncoding ()","0.157 ms (0%)","0.0 ms (0%)","10.8 ms (0%)","0.0 ms (0%)","681"
"org.openqa.selenium.remote.http.HttpResponse.getContent ()","0.051 ms (0%)","0.0 ms (0%)","0.051 ms (0%)","0.0 ms (0%)","681"
"org.openqa.selenium.remote.http.HttpResponse.getAttribute (String)","0.150 ms (0%)","0.0 ms (0%)","0.233 ms (0%)","0.0 ms (0%)","680"
"org.openqa.selenium.remote.http.HttpResponse.getHeader (String)","0.204 ms (0%)","0.0 ms (0%)","5.77 ms (0%)","0.0 ms (0%)","1,362"
"org.openqa.selenium.remote.http.HttpResponse.setStatus (int)","0.074 ms (0%)","0.0 ms (0%)","0.074 ms (0%)","0.0 ms (0%)","681"
"org.openqa.selenium.remote.http.HttpResponse.setContent (org.openqa.selenium.remote.http.Contents.Supplier)","0.166 ms (0%)","0.0 ms (0%)","0.477 ms (0%)","0.0 ms (0%)","681"
"org.openqa.selenium.remote.http.HttpResponse.getTargetHost ()","0.187 ms (0%)","0.0 ms (0%)","0.428 ms (0%)","0.0 ms (0%)","680"
"org.openqa.selenium.remote.http.HttpResponse.isSuccessful ()","0.143 ms (0%)","0.0 ms (0%)","0.143 ms (0%)","0.0 ms (0%)","681"
"org.openqa.selenium.remote.http.HttpResponse.addHeader (String, String)","0.255 ms (0%)","0.0 ms (0%)","1.54 ms (0%)","0.0 ms (0%)","2,043"
"org.openqa.selenium.remote.JsonToWebElementConverter.apply (Object)","0.641 ms (0%)","0.0 ms (0%)","1.40 ms (0%)","0.0 ms (0%)","884"
"org.openqa.selenium.remote.JsonToWebElementConverter.setOwner (org.openqa.selenium.remote.RemoteWebElement)","0.058 ms (0%)","0.0 ms (0%)","0.058 ms (0%)","0.0 ms (0%)","220"
"org.openqa.selenium.remote.JsonToWebElementConverter.newRemoteWebElement ()","0.513 ms (0%)","0.0 ms (0%)","0.575 ms (0%)","0.0 ms (0%)","220"
"org.openqa.selenium.remote.JsonToWebElementConverter.getElementKey (java.util.Map)","0.101 ms (0%)","0.0 ms (0%)","0.180 ms (0%)","0.0 ms (0%)","220"
"org.openqa.selenium.json.NumberCoercer.test (Class)","0.012 ms (0%)","0.0 ms (0%)","0.012 ms (0%)","0.0 ms (0%)","7"
"org.openqa.selenium.json.NumberCoercer.lambda$apply$0 (org.openqa.selenium.json.JsonInput, org.openqa.selenium.json.PropertySetting)","0.415 ms (0%)","0.0 ms (0%)","1.61 ms (0%)","0.0 ms (0%)","106"
"plugin.DisplayMessage.paintCapture (java.awt.Graphics)","1.55 ms (0%)","0.0 ms (0%)","1.68 ms (0%)","0.0 ms (0%)","1,755"
"org.openqa.selenium.OutputType$2.convertFromBase64Png (String)","0.022 ms (0%)","0.0 ms (0%)","2.85 ms (0%)","0.0 ms (0%)","53"
"org.openqa.selenium.OutputType$2.convertFromBase64Png (String)","2.83 ms (0%)","0.0 ms (0%)","2.83 ms (0%)","0.0 ms (0%)","53"
"com.symatiq.Scout$MyMouseListener$2.actionPerformed (java.awt.event.ActionEvent)","0.026 ms (0%)","0.0 ms (0%)","0.026 ms (0%)","0.0 ms (0%)","13"
"org.openqa.selenium.json.ObjectCoercer.lambda$apply$0 (org.openqa.selenium.json.JsonInput, org.openqa.selenium.json.PropertySetting)","0.434 ms (0%)","0.0 ms (0%)","1,948 ms (0.5%)","0.0 ms (0%)","1,304"
"org.openqa.selenium.json.MapCoercer.test (Class)","0.002 ms (0%)","0.0 ms (0%)","0.002 ms (0%)","0.0 ms (0%)","1"
"org.openqa.selenium.json.MapCoercer.lambda$apply$0 (java.lang.reflect.Type, org.openqa.selenium.json.PropertySetting, java.lang.reflect.Type, org.openqa.selenium.json.JsonInput)","0.373 ms (0%)","0.0 ms (0%)","1,954 ms (0.5%)","9.32 ms (0.7%)","901"
"org.openqa.selenium.json.MapCoercer.lambda$apply$1 (java.lang.reflect.Type, java.lang.reflect.Type, org.openqa.selenium.json.JsonInput, org.openqa.selenium.json.PropertySetting)","5.70 ms (0%)","0.0 ms (0%)","1,964 ms (0.5%)","6.61 ms (0.5%)","901"
"com.symatiq.widgets.Path.addPathStep (com.symatiq.widgets.PathStep)","0.011 ms (0%)","0.0 ms (0%)","0.011 ms (0%)","0.0 ms (0%)","13"
"com.symatiq.widgets.Path.getWidgets ()","0.061 ms (0%)","0.0 ms (0%)","0.061 ms (0%)","0.0 ms (0%)","17"
"org.openqa.selenium.remote.HttpCommandExecutor.log (String, org.openqa.selenium.logging.LogEntry)","0.360 ms (0%)","0.0 ms (0%)","1.92 ms (0%)","0.0 ms (0%)","1,362"
"org.openqa.selenium.remote.HttpCommandExecutor.execute (org.openqa.selenium.remote.Command)","3.14 ms (0%)","0.0 ms (0%)","7,544 ms (1.9%)","4.33 ms (0.3%)","681"
"org.openqa.selenium.remote.http.HttpRequest.getContent ()","0.052 ms (0%)","0.0 ms (0%)","0.052 ms (0%)","0.0 ms (0%)","400"
"org.openqa.selenium.remote.http.HttpRequest.getHeader (String)","0.205 ms (0%)","0.0 ms (0%)","5.96 ms (0%)","0.0 ms (0%)","2,043"
"org.openqa.selenium.remote.http.HttpRequest.setContent (org.openqa.selenium.remote.http.Contents.Supplier)","0.103 ms (0%)","0.0 ms (0%)","0.227 ms (0%)","0.0 ms (0%)","400"
"org.openqa.selenium.remote.http.HttpRequest.removeHeader (String)","0.163 ms (0%)","0.0 ms (0%)","2.24 ms (0%)","0.0 ms (0%)","1,081"
"org.openqa.selenium.remote.http.HttpRequest.setHeader (String, String)","0.221 ms (0%)","0.0 ms (0%)","3.83 ms (0%)","0.0 ms (0%)","1,081"
"org.openqa.selenium.remote.http.HttpRequest.forEachHeader (java.util.function.BiConsumer)","0.283 ms (0%)","0.0 ms (0%)","5.82 ms (0%)","0.0 ms (0%)","681"
"org.openqa.selenium.remote.http.HttpRequest.addHeader (String, String)","0.206 ms (0%)","0.0 ms (0%)","1.28 ms (0%)","0.0 ms (0%)","2,043"
"org.openqa.selenium.remote.http.HttpRequest.getQueryParameterNames ()","0.209 ms (0%)","0.0 ms (0%)","0.209 ms (0%)","0.0 ms (0%)","681"
"org.openqa.selenium.remote.http.Filter.lambda$andFinally$1 (org.openqa.selenium.remote.http.HttpHandler, org.openqa.selenium.remote.http.HttpRequest)","0.694 ms (0%)","0.0 ms (0%)","5,331 ms (1.4%)","43.9 ms (3.3%)","681"
"org.openqa.selenium.Platform$1.toString ()","0.003 ms (0%)","0.0 ms (0%)","0.003 ms (0%)","0.0 ms (0%)","16"
"org.openqa.selenium.Capabilities.getBrowserName ()","0.016 ms (0%)","0.0 ms (0%)","0.025 ms (0%)","0.0 ms (0%)","16"
"org.openqa.selenium.internal.Require.argument (String, Object)","0.182 ms (0%)","0.0 ms (0%)","0.182 ms (0%)","0.0 ms (0%)","961"
"org.openqa.selenium.internal.Require.nonNull (String, Object, String, Object[])","0.176 ms (0%)","0.0 ms (0%)","0.176 ms (0%)","0.0 ms (0%)","2,443"
"org.openqa.selenium.internal.Require.nonNull (String, Object)","0.299 ms (0%)","0.0 ms (0%)","0.299 ms (0%)","0.0 ms (0%)","11,368"
"org.openqa.selenium.internal.Require.nonNegative (java.time.Duration)","0.007 ms (0%)","0.0 ms (0%)","0.007 ms (0%)","0.0 ms (0%)","4"
"org.openqa.selenium.remote.http.AddSeleniumUserAgent.apply (org.openqa.selenium.remote.http.HttpHandler)","0.449 ms (0%)","0.0 ms (0%)","0.449 ms (0%)","0.0 ms (0%)","681"
"org.openqa.selenium.remote.http.AddSeleniumUserAgent.apply (Object)","0.180 ms (0%)","0.0 ms (0%)","0.642 ms (0%)","0.0 ms (0%)","681"
"org.openqa.selenium.remote.http.AddSeleniumUserAgent.lambda$apply$0 (org.openqa.selenium.remote.http.HttpHandler, org.openqa.selenium.remote.http.HttpRequest)","0.713 ms (0%)","0.0 ms (0%)","5,330 ms (1.4%)","44.0 ms (3.3%)","681"
"plugin.StateGraph.paintCapture (java.awt.Graphics)","2.3 ms (0%)","0.0 ms (0%)","297 ms (0.1%)","0.0 ms (0%)","1,755"
"plugin.StateGraph.drawText (java.awt.Graphics2D, String, int, int)","18.0 ms (0%)","0.0 ms (0%)","18.0 ms (0%)","0.0 ms (0%)","1,755"
"plugin.StateGraph.drawGraph (java.awt.Graphics2D, com.symatiq.states.AppState, int, int)","11.0 ms (0%)","0.0 ms (0%)","294 ms (0.1%)","0.0 ms (0%)","14,027"
"plugin.StateGraph.drawCircle (java.awt.Graphics2D, int, int, int, int, java.awt.Color, java.awt.BasicStroke, java.awt.BasicStroke, boolean)","185 ms (0.1%)","0.0 ms (0%)","185 ms (0%)","0.0 ms (0%)","14,027"
"plugin.StateGraph.drawCircle (java.awt.Graphics2D, int, int, int, int, java.awt.Color, boolean)","2.25 ms (0%)","0.0 ms (0%)","187 ms (0%)","0.0 ms (0%)","14,027"
"org.openqa.selenium.remote.ElementLocation$ElementFinder$2.findElement (org.openqa.selenium.remote.RemoteWebDriver, org.openqa.selenium.SearchContext, java.util.function.BiFunction, org.openqa.selenium.By)","0.070 ms (0%)","0.0 ms (0%)","77.4 ms (0%)","0.0 ms (0%)","16"
"org.openqa.selenium.remote.ElementLocation$ElementFinder$2.findElements (org.openqa.selenium.remote.RemoteWebDriver, org.openqa.selenium.SearchContext, java.util.function.BiFunction, org.openqa.selenium.By)","0.247 ms (0%)","0.0 ms (0%)","53.2 ms (0%)","0.0 ms (0%)","12"
"org.openqa.selenium.remote.ElementLocation$ElementFinder$2.lambda$findElements$0 (org.openqa.selenium.remote.RemoteWebDriver, org.openqa.selenium.SearchContext, org.openqa.selenium.By, org.openqa.selenium.WebElement)","0.030 ms (0%)","0.0 ms (0%)","0.502 ms (0%)","0.0 ms (0%)","204"
"org.openqa.selenium.json.Types.narrow (java.lang.reflect.Type)","0.003 ms (0%)","0.0 ms (0%)","0.003 ms (0%)","0.0 ms (0%)","16"
"org.openqa.selenium.ImmutableCapabilities.getCapability (String)","0.028 ms (0%)","0.0 ms (0%)","0.028 ms (0%)","0.0 ms (0%)","32"
"org.openqa.selenium.remote.http.HttpMessage.getContentEncoding ()","5.59 ms (0%)","0.0 ms (0%)","10.6 ms (0%)","0.0 ms (0%)","681"
"org.openqa.selenium.remote.http.HttpMessage.self ()","0.159 ms (0%)","0.0 ms (0%)","0.159 ms (0%)","0.0 ms (0%)","6,248"
"org.openqa.selenium.remote.http.HttpMessage.getAttribute (String)","0.081 ms (0%)","0.0 ms (0%)","0.081 ms (0%)","0.0 ms (0%)","680"
"org.openqa.selenium.remote.http.HttpMessage.getHeader (String)","9.8 ms (0%)","0.0 ms (0%)","11.2 ms (0%)","0.0 ms (0%)","3,405"
"org.openqa.selenium.remote.http.HttpMessage.setContent (org.openqa.selenium.remote.http.Contents.Supplier)","0.348 ms (0%)","0.0 ms (0%)","0.417 ms (0%)","0.0 ms (0%)","1,081"
"org.openqa.selenium.remote.http.HttpMessage.removeHeader (String)","1.90 ms (0%)","0.0 ms (0%)","2.7 ms (0%)","0.0 ms (0%)","1,081"
"org.openqa.selenium.remote.http.HttpMessage.setHeader (String, String)","0.338 ms (0%)","0.0 ms (0%)","3.60 ms (0%)","0.0 ms (0%)","1,081"
"org.openqa.selenium.remote.http.HttpMessage.lambda$addHeader$8 (String)","0.211 ms (0%)","0.0 ms (0%)","0.211 ms (0%)","0.0 ms (0%)","4,086"
"org.openqa.selenium.remote.http.HttpMessage.forEachHeader (java.util.function.BiConsumer)","1.16 ms (0%)","0.0 ms (0%)","5.53 ms (0%)","0.0 ms (0%)","681"
"org.openqa.selenium.remote.http.HttpMessage.addHeader (String, String)","1.99 ms (0%)","0.0 ms (0%)","2.34 ms (0%)","0.0 ms (0%)","4,086"
"org.openqa.selenium.remote.http.HttpMessage.lambda$getHeader$6 (String, java.util.Map.Entry)","1.3 ms (0%)","0.0 ms (0%)","1.3 ms (0%)","0.0 ms (0%)","6,248"
"org.openqa.selenium.remote.http.HttpMessage.lambda$getHeader$7 (java.util.Map.Entry)","0.691 ms (0%)","0.0 ms (0%)","0.691 ms (0%)","0.0 ms (0%)","2,443"
"org.openqa.selenium.remote.http.HttpMessage.lambda$getHeader$5 (java.util.Map.Entry)","0.360 ms (0%)","0.0 ms (0%)","0.360 ms (0%)","0.0 ms (0%)","6,248"
"org.openqa.selenium.remote.http.HttpMessage.lambda$forEachHeader$0 (java.util.function.BiConsumer, String, String)","0.432 ms (0%)","0.0 ms (0%)","3.48 ms (0%)","0.0 ms (0%)","2,043"
"org.openqa.selenium.remote.http.HttpMessage.lambda$removeHeader$9 (String, String)","0.114 ms (0%)","0.0 ms (0%)","0.114 ms (0%)","0.0 ms (0%)","400"
"org.openqa.selenium.remote.http.HttpMessage.lambda$getContentEncoding$12 (String)","0.165 ms (0%)","0.0 ms (0%)","0.165 ms (0%)","0.0 ms (0%)","681"
"org.openqa.selenium.remote.http.HttpMessage.lambda$getContentEncoding$11 (String)","0.170 ms (0%)","0.0 ms (0%)","0.170 ms (0%)","0.0 ms (0%)","1,362"
"org.openqa.selenium.remote.http.HttpMessage.lambda$getContentEncoding$10 (String)","0.272 ms (0%)","0.0 ms (0%)","0.272 ms (0%)","0.0 ms (0%)","1,362"
"org.openqa.selenium.remote.http.HttpMessage.lambda$forEachHeader$1 (java.util.function.BiConsumer, String, java.util.List)","0.861 ms (0%)","0.0 ms (0%)","4.35 ms (0%)","0.0 ms (0%)","2,043"
"org.openqa.selenium.remote.http.Contents.bytes (byte[])","0.576 ms (0%)","0.0 ms (0%)","0.772 ms (0%)","0.0 ms (0%)","2,443"
"org.openqa.selenium.remote.http.Contents.bytes (org.openqa.selenium.remote.http.Contents.Supplier)","3.61 ms (0%)","0.0 ms (0%)","3.92 ms (0%)","0.0 ms (0%)","681"
"org.openqa.selenium.remote.http.Contents.empty ()","0.388 ms (0%)","0.0 ms (0%)","0.974 ms (0%)","0.0 ms (0%)","1,362"
"org.openqa.selenium.remote.http.Contents.string (org.openqa.selenium.remote.http.Contents.Supplier, java.nio.charset.Charset)","14.7 ms (0%)","0.0 ms (0%)","18.7 ms (0%)","0.0 ms (0%)","681"
"org.openqa.selenium.remote.http.Contents.string (org.openqa.selenium.remote.http.HttpMessage)","0.443 ms (0%)","0.0 ms (0%)","30.1 ms (0%)","0.0 ms (0%)","681"
"plugin.utils.Drawing.drawArrows (java.awt.Graphics2D, int, int, int, int, java.awt.Color, java.awt.BasicStroke)","1.5 ms (0%)","0.0 ms (0%)","1.5 ms (0%)","0.0 ms (0%)","425"
"plugin.AugmentCoverage.paintCaptureForeground (java.awt.Graphics)","6.16 ms (0%)","0.0 ms (0%)","972 ms (0.3%)","0.0 ms (0%)","1,755"
"org.openqa.selenium.remote.Dialect.values ()","0.060 ms (0%)","0.0 ms (0%)","0.060 ms (0%)","0.0 ms (0%)","220"
"plugin.WidgetIdentifier.getElementsToExtract ()","0.019 ms (0%)","0.0 ms (0%)","0.019 ms (0%)","0.0 ms (0%)","53"
"plugin.WidgetIdentifier.isCheckWidget (com.symatiq.widgets.Widget)","1.56 ms (0%)","0.0 ms (0%)","2.12 ms (0%)","0.0 ms (0%)","7,515"
"plugin.WidgetIdentifier.isMoveWidget (com.symatiq.widgets.Widget)","0.843 ms (0%)","0.0 ms (0%)","1.27 ms (0%)","0.0 ms (0%)","7,217"
"plugin.WidgetIdentifier.isSelectWidget (com.symatiq.widgets.Widget)","0.852 ms (0%)","0.0 ms (0%)","1.31 ms (0%)","11.7 ms (0.9%)","7,423"
"plugin.WidgetIdentifier.isClickWidget (com.symatiq.widgets.Widget)","1.87 ms (0%)","0.0 ms (0%)","2.71 ms (0%)","0.0 ms (0%)","11,639"
"plugin.WidgetIdentifier.isTypeWidget (com.symatiq.widgets.Widget)","1.31 ms (0%)","0.0 ms (0%)","1.99 ms (0%)","0.0 ms (0%)","7,517"
"plugin.WidgetIdentifier.isFrame (com.symatiq.widgets.Widget)","0.581 ms (0%)","0.0 ms (0%)","0.780 ms (0%)","0.0 ms (0%)","7,411"
"plugin.WidgetIdentifier.isContainerWidget (com.symatiq.widgets.Widget)","0.600 ms (0%)","0.0 ms (0%)","0.805 ms (0%)","0.0 ms (0%)","7,411"
"org.openqa.selenium.json.Json.toType (String, java.lang.reflect.Type, org.openqa.selenium.json.PropertySetting)","0.495 ms (0%)","0.0 ms (0%)","1,970 ms (0.5%)","5.81 ms (0.4%)","681"
"org.openqa.selenium.json.Json.toType (String, java.lang.reflect.Type)","0.331 ms (0%)","0.0 ms (0%)","1,970 ms (0.5%)","5.76 ms (0.4%)","681"
"org.openqa.selenium.json.Json.toType (java.io.Reader, java.lang.reflect.Type, org.openqa.selenium.json.PropertySetting)","0.534 ms (0%)","0.0 ms (0%)","1,970 ms (0.5%)","5.85 ms (0.4%)","681"
"org.openqa.selenium.json.Json.toJson (Object, int)","1.10 ms (0%)","0.0 ms (0%)","171 ms (0%)","0.0 ms (0%)","400"
"org.openqa.selenium.json.Json.toJson (Object)","0.189 ms (0%)","0.0 ms (0%)","171 ms (0%)","0.0 ms (0%)","400"
"org.openqa.selenium.json.Json.newInput (java.io.Reader)","1.29 ms (0%)","0.0 ms (0%)","1.36 ms (0%)","0.0 ms (0%)","681"
"org.openqa.selenium.json.Json.newOutput (Appendable)","10.7 ms (0%)","0.0 ms (0%)","10.8 ms (0%)","0.0 ms (0%)","400"
"com.symatiq.utils.QuickSort.sort (java.util.List)","7.45 ms (0%)","0.0 ms (0%)","2,256 ms (0.6%)","0.0 ms (0%)","7,020"
"com.symatiq.states.StateController.isLicensed ()","0.031 ms (0%)","0.0 ms (0%)","0.041 ms (0%)","0.0 ms (0%)","39"
"com.symatiq.states.StateController.getSystemProperty (String, String)","5.90 ms (0%)","0.0 ms (0%)","5.90 ms (0%)","0.0 ms (0%)","68,328"
"com.symatiq.states.StateController.setSystemProperty (String, String)","3.0 ms (0%)","0.0 ms (0%)","3.0 ms (0%)","0.0 ms (0%)","21,060"
"com.symatiq.states.StateController.getScaledX (int)","0.663 ms (0%)","0.0 ms (0%)","1.63 ms (0%)","0.0 ms (0%)","2,445"
"com.symatiq.states.StateController.getSessionState ()","0.331 ms (0%)","0.0 ms (0%)","0.331 ms (0%)","0.0 ms (0%)","9,251"
"com.symatiq.states.StateController.getScaledY (int)","0.785 ms (0%)","0.0 ms (0%)","1.48 ms (0%)","0.0 ms (0%)","2,445"
"com.symatiq.states.StateController.setRefreshScreen (boolean)","0.005 ms (0%)","0.0 ms (0%)","0.005 ms (0%)","0.0 ms (0%)","27"
"com.symatiq.states.StateController.isToolbarVisible ()","0.155 ms (0%)","0.0 ms (0%)","0.155 ms (0%)","0.0 ms (0%)","4,353"
"com.symatiq.states.StateController.getMouseX ()","0.729 ms (0%)","0.0 ms (0%)","1.12 ms (0%)","0.0 ms (0%)","5,209"
"com.symatiq.states.StateController.getMouseY ()","0.450 ms (0%)","0.0 ms (0%)","0.659 ms (0%)","0.0 ms (0%)","5,209"
"com.symatiq.states.StateController.getClonesAndMutations ()","0.010 ms (0%)","0.0 ms (0%)","2.84 ms (0%)","0.0 ms (0%)","17"
"com.symatiq.states.StateController.getClonesAndMutations (com.symatiq.widgets.Widget)","0.036 ms (0%)","0.0 ms (0%)","2.83 ms (0%)","0.0 ms (0%)","17"
"com.symatiq.states.StateController.getCurrentSubstate ()","0.036 ms (0%)","0.0 ms (0%)","0.036 ms (0%)","0.0 ms (0%)","196"
"com.symatiq.states.StateController.getCurrentState ()","0.574 ms (0%)","0.0 ms (0%)","0.574 ms (0%)","0.0 ms (0%)","21,072"
"com.symatiq.states.StateController.getMode ()","0.165 ms (0%)","0.0 ms (0%)","0.165 ms (0%)","0.0 ms (0%)","181"
"com.symatiq.states.StateController.setCurrentSubstate (com.symatiq.states.StateController.CurrentSubstate)","0.002 ms (0%)","0.0 ms (0%)","0.002 ms (0%)","0.0 ms (0%)","13"
"com.symatiq.states.StateController.isOverlapping (com.symatiq.widgets.Widget, com.symatiq.widgets.Widget)","0.244 ms (0%)","0.0 ms (0%)","0.244 ms (0%)","0.0 ms (0%)","2,839"
"com.symatiq.states.StateController.getUniqueId ()","0.249 ms (0%)","0.0 ms (0%)","0.249 ms (0%)","0.0 ms (0%)","13"
"com.symatiq.states.StateController.reward (com.symatiq.widgets.Widget)","0.006 ms (0%)","0.0 ms (0%)","0.043 ms (0%)","0.0 ms (0%)","13"
"com.symatiq.states.StateController.reward (com.symatiq.widgets.Widget, int, int)","0.018 ms (0%)","0.0 ms (0%)","0.037 ms (0%)","0.0 ms (0%)","13"
"com.symatiq.states.StateController.getTesterName ()","0.008 ms (0%)","0.0 ms (0%)","0.008 ms (0%)","0.0 ms (0%)","13"
"com.symatiq.states.StateController.getProductVersion ()","1.53 ms (0%)","0.0 ms (0%)","1.53 ms (0%)","0.0 ms (0%)","19,319"
"com.symatiq.states.StateController.isAllowedToInsert ()","0.029 ms (0%)","0.0 ms (0%)","0.699 ms (0%)","0.0 ms (0%)","39"
"com.symatiq.states.StateController.setCurrentState (com.symatiq.states.AppState)","0.030 ms (0%)","0.0 ms (0%)","2.32 ms (0%)","0.0 ms (0%)","13"
"com.symatiq.states.StateController.insertWidget (com.symatiq.states.AppState, com.symatiq.widgets.Widget, com.symatiq.states.AppState, String, String, com.symatiq.widgets.Path)","0.311 ms (0%)","0.0 ms (0%)","0.774 ms (0%)","0.0 ms (0%)","13"
"com.symatiq.states.StateController.insertWidget (com.symatiq.widgets.Widget, com.symatiq.states.AppState)","0.040 ms (0%)","0.0 ms (0%)","3.52 ms (0%)","0.0 ms (0%)","13"
"com.symatiq.states.StateController.isRunningSession ()","0.105 ms (0%)","0.0 ms (0%)","0.115 ms (0%)","0.0 ms (0%)","106"
"com.symatiq.states.StateController.containsWidget (java.util.List, com.symatiq.widgets.Widget)","0.825 ms (0%)","0.0 ms (0%)","1.7 ms (0%)","0.0 ms (0%)","4,459"
"com.symatiq.states.StateController.getCaptureHeight ()","0.266 ms (0%)","0.0 ms (0%)","0.360 ms (0%)","0.0 ms (0%)","2,445"
"com.symatiq.states.StateController.sortWidgets (java.util.List)","1.4 ms (0%)","0.0 ms (0%)","2,257 ms (0.6%)","0.0 ms (0%)","7,020"
"com.symatiq.states.StateController.getWidgetAt (com.symatiq.states.AppState, java.awt.Point)","0.008 ms (0%)","0.0 ms (0%)","4.9 ms (0%)","0.0 ms (0%)","4"
"com.symatiq.states.StateController.getWidgetAt (com.symatiq.states.AppState, int, int)","0.891 ms (0%)","0.0 ms (0%)","1,527 ms (0.4%)","0.0 ms (0%)","3,486"
"com.symatiq.states.StateController.getCaptureWidth ()","0.228 ms (0%)","0.0 ms (0%)","0.383 ms (0%)","0.0 ms (0%)","2,445"
"com.symatiq.states.StateController.getStateTree ()","0.191 ms (0%)","0.0 ms (0%)","0.191 ms (0%)","0.0 ms (0%)","5,265"
"com.symatiq.states.StateController.isStoppedSession ()","0.330 ms (0%)","0.0 ms (0%)","0.383 ms (0%)","0.0 ms (0%)","1,755"
"com.symatiq.states.StateController.getRoute ()","0.002 ms (0%)","0.0 ms (0%)","0.002 ms (0%)","0.0 ms (0%)","32"
"com.symatiq.states.StateController.getDisplayMessage ()","0.075 ms (0%)","0.0 ms (0%)","0.075 ms (0%)","0.0 ms (0%)","1,755"
"com.symatiq.states.StateController.getSelectedWidgetNo ()","0.211 ms (0%)","0.0 ms (0%)","0.211 ms (0%)","0.0 ms (0%)","5,213"
"com.symatiq.states.StateController.getCaptureScaledWidth ()","0.415 ms (0%)","0.0 ms (0%)","0.678 ms (0%)","0.0 ms (0%)","3,258"
"com.symatiq.states.StateController.findRecommendedWidget (com.symatiq.states.AppState)","1.3 ms (0%)","0.0 ms (0%)","5.26 ms (0%)","0.0 ms (0%)","1,755"
"com.symatiq.states.StateController.setSelectedWidgetNo (int)","0.252 ms (0%)","0.0 ms (0%)","0.252 ms (0%)","0.0 ms (0%)","3,975"
"com.symatiq.states.StateController.getCaptureScaledHeight ()","0.214 ms (0%)","0.0 ms (0%)","0.333 ms (0%)","0.0 ms (0%)","2,445"
"com.symatiq.states.StateController.getDisplayMessageUntilTime ()","0.056 ms (0%)","0.0 ms (0%)","0.056 ms (0%)","0.0 ms (0%)","1,755"
"com.symatiq.states.StateController.setRecommendedWidget (com.symatiq.widgets.Widget)","0.110 ms (0%)","0.0 ms (0%)","0.110 ms (0%)","0.0 ms (0%)","1,755"
"com.symatiq.states.StateController.getKeyboardInput ()","0.084 ms (0%)","0.0 ms (0%)","0.084 ms (0%)","0.0 ms (0%)","1,731"
"com.symatiq.states.StateController.getVisibleWidth ()","0.413 ms (0%)","0.0 ms (0%)","0.657 ms (0%)","0.0 ms (0%)","3,510"
"com.symatiq.states.StateController.setToolbarVisible (boolean)","0.065 ms (0%)","0.0 ms (0%)","0.065 ms (0%)","0.0 ms (0%)","1,755"
"com.symatiq.states.StateController.getVisibleHeight ()","0.413 ms (0%)","0.0 ms (0%)","0.624 ms (0%)","0.0 ms (0%)","3,510"
"com.symatiq.states.StateController.getMouseScaledX ()","0.514 ms (0%)","0.0 ms (0%)","0.825 ms (0%)","0.0 ms (0%)","3,762"
"com.symatiq.states.StateController.getVisibleY ()","1.7 ms (0%)","0.0 ms (0%)","1.72 ms (0%)","0.0 ms (0%)","7,020"
"com.symatiq.states.StateController.getMouseScaledY ()","0.373 ms (0%)","0.0 ms (0%)","0.700 ms (0%)","0.0 ms (0%)","3,790"
"com.symatiq.states.StateController.isDoNotRecordNextAction ()","0.006 ms (0%)","0.0 ms (0%)","0.006 ms (0%)","0.0 ms (0%)","13"
"org.openqa.selenium.remote.codec.w3c.W3CHttpCommandCodec.asElement (Object)","0.168 ms (0%)","0.0 ms (0%)","0.168 ms (0%)","0.0 ms (0%)","204"
"org.openqa.selenium.remote.codec.w3c.W3CHttpCommandCodec.executeAtom (String, Object[])","0.616 ms (0%)","0.0 ms (0%)","3.64 ms (0%)","0.0 ms (0%)","204"
"org.openqa.selenium.remote.codec.w3c.W3CHttpCommandCodec.toScript (String, Object[])","1.22 ms (0%)","0.0 ms (0%)","2.51 ms (0%)","0.0 ms (0%)","204"
"org.openqa.selenium.remote.codec.w3c.W3CHttpCommandCodec.amendParameters (String, java.util.Map)","0.724 ms (0%)","0.0 ms (0%)","4.53 ms (0%)","0.0 ms (0%)","681"
"org.openqa.selenium.remote.codec.w3c.W3CHttpCommandCodec.lambda$executeAtom$2 (String, String)","0.512 ms (0%)","0.0 ms (0%)","0.512 ms (0%)","0.0 ms (0%)","1"
"plugin.HoverInfo.paintCaptureForeground (java.awt.Graphics)","2.10 ms (0%)","0.0 ms (0%)","760 ms (0.2%)","0.0 ms (0%)","1,755"
"plugin.HoverInfo.drawTextBox (java.awt.Graphics2D, String, int, int, int, int)","9.81 ms (0%)","0.0 ms (0%)","23.6 ms (0%)","0.0 ms (0%)","813"
"plugin.HoverInfo.justify (String, int)","4.84 ms (0%)","0.0 ms (0%)","7.7 ms (0%)","0.0 ms (0%)","1,126"
"plugin.HoverInfo.getMaxWidth (java.awt.Graphics2D, java.util.List)","5.50 ms (0%)","0.0 ms (0%)","5.50 ms (0%)","0.0 ms (0%)","813"
"plugin.HoverInfo.getHoverText (int, int)","4.29 ms (0%)","0.0 ms (0%)","733 ms (0.2%)","0.0 ms (0%)","1,727"
"plugin.HoverInfo.splitEqually (String, int)","2.23 ms (0%)","0.0 ms (0%)","2.23 ms (0%)","0.0 ms (0%)","1,515"
"com.symatiq.extension.PluginController.performAction (com.symatiq.actions.Action)","0.138 ms (0%)","0.0 ms (0%)","5.29 ms (0%)","0.0 ms (0%)","27"
"com.symatiq.extension.PluginController.paintCapture (java.awt.Graphics)","3.81 ms (0%)","0.0 ms (0%)","3,047 ms (0.8%)","0.0 ms (0%)","1,755"
"com.symatiq.extension.PluginController.getCapture ()","0.338 ms (0%)","0.0 ms (0%)","8,512 ms (2.2%)","0.0 ms (0%)","53"
"com.symatiq.extension.PluginController.processCapture (java.awt.image.BufferedImage)","0.108 ms (0%)","0.0 ms (0%)","0.235 ms (0%)","0.0 ms (0%)","52"
"com.symatiq.extension.PluginController.updateSuggestions ()","1,388 ms (0.6%)","0.0 ms (0%)","1,391 ms (0.4%)","0.0 ms (0%)","13"
"com.symatiq.extension.PluginController.updateState ()","0.315 ms (0%)","0.0 ms (0%)","4.54 ms (0%)","0.0 ms (0%)","34"
"com.symatiq.extension.PluginController.changeState ()","0.058 ms (0%)","0.0 ms (0%)","2.27 ms (0%)","0.0 ms (0%)","13"
"org.openqa.selenium.json.Input.fill ()","321 ms (0.1%)","0.0 ms (0%)","321 ms (0.1%)","0.0 ms (0%)","17,342,431"
"org.openqa.selenium.json.Input.peek ()","2.42 ms (0%)","0.0 ms (0%)","3.75 ms (0%)","0.0 ms (0%)","45,577"
"org.openqa.selenium.json.EnumCoercer.test (Class)","0.002 ms (0%)","0.0 ms (0%)","0.002 ms (0%)","0.0 ms (0%)","1"
"com.symatiq.gui.Toolbar.fillRectangle (java.awt.Graphics2D, int, int, int, int, java.awt.Color, int)","39.7 ms (0%)","0.0 ms (0%)","39.7 ms (0%)","0.0 ms (0%)","221"
"com.symatiq.gui.Toolbar.performActionToolbar (com.symatiq.actions.Action)","0.022 ms (0%)","0.0 ms (0%)","0.022 ms (0%)","0.0 ms (0%)","27"
"com.symatiq.gui.Toolbar.paintCaptureToolbar (java.awt.Graphics)","3.11 ms (0%)","0.0 ms (0%)","52.9 ms (0%)","0.0 ms (0%)","1,755"
"com.symatiq.gui.Toolbar.drawTextRectangle (java.awt.Graphics2D, String, int, int, int, int, java.awt.Color, java.awt.Color, java.awt.Color, java.awt.Color)","8.14 ms (0%)","0.0 ms (0%)","8.33 ms (0%)","0.0 ms (0%)","280"
"org.openqa.selenium.remote.ErrorHandler.throwIfResponseFailed (org.openqa.selenium.remote.Response, long)","0.188 ms (0%)","0.0 ms (0%)","0.188 ms (0%)","0.0 ms (0%)","680"
"com.symatiq.Scout.getScaledImage (java.awt.image.BufferedImage)","0.810 ms (0%)","0.0 ms (0%)","0.810 ms (0%)","0.0 ms (0%)","52"
"com.symatiq.Scout.getScaledX (int)","0.995 ms (0%)","0.0 ms (0%)","0.995 ms (0%)","0.0 ms (0%)","1,776"
"com.symatiq.Scout.getScaledY (int)","0.302 ms (0%)","0.0 ms (0%)","0.302 ms (0%)","0.0 ms (0%)","1,777"
"com.symatiq.Scout.performAction (com.symatiq.actions.Action)","0.091 ms (0%)","0.0 ms (0%)","5.42 ms (0%)","0.0 ms (0%)","27"
"com.symatiq.Scout.getSessionName ()","0.091 ms (0%)","0.0 ms (0%)","0.106 ms (0%)","0.0 ms (0%)","60"
"com.symatiq.Scout.getMouseX ()","2.6 ms (0%)","0.0 ms (0%)","3.5 ms (0%)","0.0 ms (0%)","1,769"
"com.symatiq.Scout.getMouseY ()","0.496 ms (0%)","0.0 ms (0%)","0.796 ms (0%)","0.0 ms (0%)","1,769"
"com.symatiq.Scout.setCurrentImage (java.awt.image.BufferedImage)","0.053 ms (0%)","0.0 ms (0%)","0.864 ms (0%)","0.0 ms (0%)","52"
"com.symatiq.Scout.delay (long)","215,106 ms (93.5%)","0.0 ms (0%)","215,106 ms (55.3%)","0.0 ms (0%)","190"
"org.openqa.selenium.remote.codec.AbstractHttpCommandCodec.encode (org.openqa.selenium.remote.Command)","0.165 ms (0%)","0.0 ms (0%)","188 ms (0%)","0.0 ms (0%)","681"
"org.openqa.selenium.remote.codec.AbstractHttpCommandCodec.encode (org.openqa.selenium.remote.Command)","3.23 ms (0%)","0.0 ms (0%)","188 ms (0%)","0.0 ms (0%)","681"
"org.openqa.selenium.remote.codec.AbstractHttpCommandCodec.getParameter (String, String, org.openqa.selenium.remote.SessionId, java.util.Map)","1.22 ms (0%)","0.0 ms (0%)","2.80 ms (0%)","0.0 ms (0%)","933"
"org.openqa.selenium.remote.codec.AbstractHttpCommandCodec.buildUri (String, org.openqa.selenium.remote.SessionId, java.util.Map, org.openqa.selenium.remote.codec.AbstractHttpCommandCodec.CommandSpec)","1.27 ms (0%)","0.0 ms (0%)","4.9 ms (0%)","0.0 ms (0%)","681"
"com.symatiq.states.Neighbor.compareTo (com.symatiq.states.Neighbor)","1.0 ms (0%)","0.0 ms (0%)","1.0 ms (0%)","0.0 ms (0%)","42,405"
"com.symatiq.states.Neighbor.compareTo (Object)","2.27 ms (0%)","0.0 ms (0%)","3.28 ms (0%)","0.0 ms (0%)","42,405"
"org.json.simple.parser.JSONParser.<init> ()","0.088 ms (0%)","0.0 ms (0%)","0.287 ms (0%)","0.0 ms (0%)","52"
"org.json.simple.parser.JSONParser.parse (String)","0.051 ms (0%)","0.0 ms (0%)","300 ms (0.1%)","0.0 ms (0%)","52"
"org.json.simple.parser.Yylex.<init> (java.io.Reader)","0.198 ms (0%)","0.0 ms (0%)","0.198 ms (0%)","0.0 ms (0%)","52"
"org.json.simple.parser.JSONParser.parse (String, org.json.simple.parser.ContainerFactory)","0.121 ms (0%)","0.0 ms (0%)","300 ms (0.1%)","0.0 ms (0%)","52"
"org.json.simple.parser.JSONParser.parse (java.io.Reader, org.json.simple.parser.ContainerFactory)","56.9 ms (0%)","0.0 ms (0%)","300 ms (0.1%)","0.0 ms (0%)","52"
"org.json.simple.parser.JSONParser.nextToken ()","52.7 ms (0%)","0.0 ms (0%)","234 ms (0.1%)","0.0 ms (0%)","1,372,197"
"org.json.simple.parser.JSONParser.reset (java.io.Reader)","0.053 ms (0%)","0.0 ms (0%)","0.085 ms (0%)","0.0 ms (0%)","52"
"org.json.simple.parser.JSONParser.createArrayContainer (org.json.simple.parser.ContainerFactory)","0.048 ms (0%)","0.0 ms (0%)","0.071 ms (0%)","0.0 ms (0%)","52"
"org.json.simple.parser.JSONParser.peekStatus (java.util.LinkedList)","6.86 ms (0%)","0.0 ms (0%)","6.86 ms (0%)","0.0 ms (0%)","355,657"
"org.json.simple.parser.JSONParser.reset ()","0.007 ms (0%)","0.0 ms (0%)","0.007 ms (0%)","0.0 ms (0%)","52"
"org.json.simple.parser.Yylex.yyreset (java.io.Reader)","0.024 ms (0%)","0.0 ms (0%)","0.024 ms (0%)","0.0 ms (0%)","52"
"org.json.simple.parser.Yytoken.<init> (int, Object)","25.4 ms (0%)","0.0 ms (0%)","25.4 ms (0%)","0.0 ms (0%)","1,372,197"
"org.json.simple.parser.Yylex.yylex ()","139 ms (0.1%)","0.0 ms (0%)","181 ms (0%)","0.0 ms (0%)","1,372,197"
"org.json.simple.parser.Yylex.yytext ()","15.1 ms (0%)","0.0 ms (0%)","15.1 ms (0%)","0.0 ms (0%)","574,188"
"org.json.simple.parser.Yylex.zzRefill ()","1.32 ms (0%)","0.0 ms (0%)","1.32 ms (0%)","0.0 ms (0%)","794"
"org.json.simple.JSONArray.<init> ()","0.023 ms (0%)","0.0 ms (0%)","0.023 ms (0%)","0.0 ms (0%)","52"
"org.json.simple.JSONObject.<init> ()","0.587 ms (0%)","0.0 ms (0%)","0.587 ms (0%)","0.0 ms (0%)","29,673"
"org.openqa.selenium.remote.RemoteWebElement.toString ()","0.138 ms (0%)","0.0 ms (0%)","0.138 ms (0%)","0.0 ms (0%)","204"
"org.openqa.selenium.remote.RemoteWebElement.execute (org.openqa.selenium.remote.CommandPayload)","0.154 ms (0%)","0.0 ms (0%)","1,269 ms (0.3%)","0.0 ms (0%)","432"
"org.openqa.selenium.remote.RemoteWebElement.getAttribute (String)","0.353 ms (0%)","0.0 ms (0%)","572 ms (0.1%)","0.0 ms (0%)","204"
"org.openqa.selenium.remote.RemoteWebElement.getText ()","0.219 ms (0%)","0.0 ms (0%)","651 ms (0.2%)","0.0 ms (0%)","204"
"org.openqa.selenium.remote.RemoteWebElement.setFoundBy (org.openqa.selenium.SearchContext, String, String)","0.266 ms (0%)","0.0 ms (0%)","0.593 ms (0%)","0.0 ms (0%)","220"
"org.openqa.selenium.remote.RemoteWebElement.toJson ()","0.020 ms (0%)","0.0 ms (0%)","0.023 ms (0%)","0.0 ms (0%)","4"
"org.openqa.selenium.remote.RemoteWebElement.findElements (org.openqa.selenium.By)","0.259 ms (0%)","0.0 ms (0%)","53.5 ms (0%)","0.0 ms (0%)","12"
"org.openqa.selenium.remote.RemoteWebElement.getDomAttribute (String)","0.023 ms (0%)","0.0 ms (0%)","22.4 ms (0%)","0.0 ms (0%)","12"
"org.openqa.selenium.remote.RemoteWebElement.getTagName ()","0.028 ms (0%)","0.0 ms (0%)","25.5 ms (0%)","0.0 ms (0%)","12"
"org.openqa.selenium.remote.RemoteWebElement.stringValueOf (Object)","0.078 ms (0%)","0.0 ms (0%)","0.078 ms (0%)","0.0 ms (0%)","216"
"org.openqa.selenium.remote.RemoteWebElement.lambda$findElements$1 (String, Object)","0.015 ms (0%)","0.0 ms (0%)","0.050 ms (0%)","0.0 ms (0%)","12"
"org.openqa.selenium.interactions.Actions.click ()","0.300 ms (0%)","0.0 ms (0%)","1.20 ms (0%)","0.0 ms (0%)","4"
"org.openqa.selenium.interactions.Actions.clickInTicks (org.openqa.selenium.interactions.PointerInput.MouseButton)","0.011 ms (0%)","0.0 ms (0%)","0.868 ms (0%)","0.0 ms (0%)","4"
"org.openqa.selenium.interactions.Actions.moveToElement (org.openqa.selenium.WebElement)","0.002 ms (0%)","0.0 ms (0%)","3.26 ms (0%)","0.0 ms (0%)","4"
"org.openqa.selenium.interactions.Actions.moveInTicks (org.openqa.selenium.WebElement, int, int)","0.234 ms (0%)","0.0 ms (0%)","3.26 ms (0%)","0.0 ms (0%)","4"
"org.openqa.selenium.interactions.Actions.tick (org.openqa.selenium.interactions.Interaction[])","0.094 ms (0%)","0.0 ms (0%)","0.784 ms (0%)","0.0 ms (0%)","12"
"org.openqa.selenium.interactions.Actions.setActivePointer (org.openqa.selenium.interactions.PointerInput.Kind, String)","1.47 ms (0%)","0.0 ms (0%)","1.47 ms (0%)","0.0 ms (0%)","4"
"org.openqa.selenium.interactions.Actions.getActivePointer ()","0.262 ms (0%)","0.0 ms (0%)","1.76 ms (0%)","0.0 ms (0%)","12"
"org.openqa.selenium.interactions.Actions.build ()","0.380 ms (0%)","0.0 ms (0%)","0.380 ms (0%)","0.0 ms (0%)","4"
"org.openqa.selenium.interactions.Actions.getSequence (org.openqa.selenium.interactions.InputSource)","0.373 ms (0%)","0.0 ms (0%)","0.373 ms (0%)","0.0 ms (0%)","12"
"org.openqa.selenium.interactions.PointerInput$Kind.$values ()","0.006 ms (0%)","0.0 ms (0%)","0.006 ms (0%)","0.0 ms (0%)","1"
"org.openqa.selenium.interactions.PointerInput$Kind.<clinit> ()","0.019 ms (0%)","0.0 ms (0%)","0.025 ms (0%)","0.0 ms (0%)","1"
"org.openqa.selenium.interactions.PointerInput.getInputType ()","0.246 ms (0%)","0.0 ms (0%)","0.276 ms (0%)","0.0 ms (0%)","24"
"org.openqa.selenium.interactions.PointerInput.encode ()","0.018 ms (0%)","0.0 ms (0%)","0.018 ms (0%)","0.0 ms (0%)","4"
"org.openqa.selenium.interactions.PointerInput.createPointerMove (java.time.Duration, org.openqa.selenium.interactions.PointerInput.Origin, int, int)","0.491 ms (0%)","0.0 ms (0%)","0.499 ms (0%)","0.0 ms (0%)","4"
"org.openqa.selenium.interactions.PointerInput.createPointerDown (int)","0.766 ms (0%)","0.0 ms (0%)","0.802 ms (0%)","0.0 ms (0%)","4"
"org.openqa.selenium.interactions.PointerInput.createPointerUp (int)","0.002 ms (0%)","0.0 ms (0%)","0.002 ms (0%)","0.0 ms (0%)","4"
"org.openqa.selenium.interactions.PointerInput$Origin.asArg ()","0.121 ms (0%)","0.0 ms (0%)","0.121 ms (0%)","0.0 ms (0%)","4"
"org.openqa.selenium.interactions.PointerInput$Origin.fromElement (org.openqa.selenium.WebElement)","0.016 ms (0%)","0.0 ms (0%)","0.017 ms (0%)","0.0 ms (0%)","4"
"org.openqa.selenium.interactions.Interaction.isValidFor (org.openqa.selenium.interactions.SourceType)","0.004 ms (0%)","0.0 ms (0%)","0.004 ms (0%)","0.0 ms (0%)","8"
"org.openqa.selenium.interactions.PointerInput$Move.isValidFor (org.openqa.selenium.interactions.SourceType)","0.001 ms (0%)","0.0 ms (0%)","0.001 ms (0%)","0.0 ms (0%)","4"
"org.openqa.selenium.interactions.PointerInput$Move.encode ()","0.036 ms (0%)","0.0 ms (0%)","1.28 ms (0%)","0.0 ms (0%)","4"
"org.openqa.selenium.interactions.PointerInput$PointerEventProperties.encode ()","1.13 ms (0%)","0.0 ms (0%)","1.13 ms (0%)","0.0 ms (0%)","12"
"org.openqa.selenium.interactions.Sequence.addAction (org.openqa.selenium.interactions.Interaction)","0.026 ms (0%)","0.0 ms (0%)","0.310 ms (0%)","0.0 ms (0%)","12"
"org.openqa.selenium.interactions.Sequence.encode ()","0.069 ms (0%)","0.0 ms (0%)","1.39 ms (0%)","0.0 ms (0%)","4"
"org.openqa.selenium.interactions.Sequence.toJson ()","0.002 ms (0%)","0.0 ms (0%)","1.40 ms (0%)","0.0 ms (0%)","4"
"org.openqa.selenium.interactions.SourceType.$values ()","0.007 ms (0%)","0.0 ms (0%)","0.007 ms (0%)","0.0 ms (0%)","1"
"org.openqa.selenium.interactions.SourceType.<clinit> ()","0.022 ms (0%)","0.0 ms (0%)","0.029 ms (0%)","0.0 ms (0%)","1"
"org.openqa.selenium.interactions.PointerInput$MouseButton.$values ()","0.008 ms (0%)","0.0 ms (0%)","0.008 ms (0%)","0.0 ms (0%)","1"
"org.openqa.selenium.interactions.PointerInput$MouseButton.<clinit> ()","0.026 ms (0%)","0.0 ms (0%)","0.035 ms (0%)","0.0 ms (0%)","1"
"org.openqa.selenium.interactions.PointerInput$PointerPress.encode ()","0.009 ms (0%)","0.0 ms (0%)","0.019 ms (0%)","0.0 ms (0%)","8"
"org.openqa.selenium.interactions.PointerInput$PointerPress$Direction.$values ()","0.009 ms (0%)","0.0 ms (0%)","0.009 ms (0%)","0.0 ms (0%)","1"
"org.openqa.selenium.interactions.PointerInput$PointerPress$Direction.<clinit> ()","0.025 ms (0%)","0.0 ms (0%)","0.035 ms (0%)","0.0 ms (0%)","1"
"org.openqa.selenium.interactions.Actions$BuiltAction.perform ()","0.014 ms (0%)","0.0 ms (0%)","497 ms (0.1%)","0.0 ms (0%)","4"
"org.openqa.selenium.support.ui.Select.getOptions ()","0.024 ms (0%)","0.0 ms (0%)","53.5 ms (0%)","0.0 ms (0%)","12"
"org.openqa.selenium.net.Urls.urlEncode (String)","1.33 ms (0%)","0.0 ms (0%)","1.33 ms (0%)","0.0 ms (0%)","252"
